Time (s),Amplitude (µV)
0,-42
0.005760037,-44
0.011520074,-38
0.017280111,-51
0.023040147,-35
0.028800184,-41
0.034560221,-26
0.040320258,0
0.046080295,43
0.051840332,83
0.057600369,93
0.063360406,107
0.069120442,109
0.074880479,100
0.080640516,106
0.086400553,99
0.09216059,90
0.097920627,72
0.103680664,53
0.1094407,32
0.115200737,17
0.120960774,23
0.126720811,45
0.132480848,60
0.138240885,70
0.144000922,72
0.149760958,69
0.155520995,58
0.161281032,63
0.167041069,66
0.172801106,61
0.178561143,62
0.18432118,58
0.190081217,53
0.195841253,27
0.20160129,11
0.207361327,20
0.213121364,29
0.218881401,27
0.224641438,29
0.230401475,30
0.236161511,38
0.241921548,61
0.247681585,65
0.253441622,45
0.259201659,17
0.264961696,0
0.270721733,-11
0.276481769,-36
0.282241806,-54
0.288001843,-48
0.29376188,-39
0.299521917,-6
0.305281954,14
0.311041991,32
0.316802028,28
0.322562064,14
0.328322101,-3
0.334082138,-10
0.339842175,-3
0.345602212,-1
0.351362249,-9
0.357122286,-20
0.362882322,-43
0.368642359,-64
0.374402396,-87
0.380162433,-86
0.38592247,-81
0.391682507,-88
0.397442544,-105
0.40320258,-115
0.408962617,-127
0.414722654,-123
0.420482691,-126
0.426242728,-107
0.432002765,-106
0.437762802,-98
0.443522839,-102
0.449282875,-105
0.455042912,-105
0.460802949,-94
0.466562986,-59
0.472323023,-53
0.47808306,-40
0.483843097,-42
0.489603133,-52
0.49536317,-56
0.501123207,-46
0.506883244,-15
0.512643281,5
0.518403318,32
0.524163355,53
0.529923392,59
0.535683428,50
0.541443465,38
0.547203502,39
0.552963539,40
0.558723576,46
0.564483613,54
0.57024365,50
0.576003686,40
0.581763723,54
0.58752376,72
0.593283797,68
0.599043834,72
0.604803871,72
0.610563908,60
0.616323944,60
0.622083981,41
0.627844018,37
0.633604055,26
0.639364092,19
0.645124129,7
0.650884166,6
0.656644203,3
0.662404239,-15
0.668164276,-8
0.673924313,-22
0.67968435,-15
0.685444387,-28
0.691204424,-19
0.696964461,-14
0.702724497,-4
0.708484534,10
0.714244571,22
0.720004608,33
0.725764645,55
0.731524682,78
0.737284719,95
0.743044755,95
0.748804792,101
0.754564829,101
0.760324866,94
0.766084903,91
0.77184494,84
0.777604977,73
0.783365014,55
0.78912505,48
0.794885087,35
0.800645124,24
0.806405161,13
0.812165198,13
0.817925235,-13
0.823685272,-33
0.829445308,-44
0.835205345,-19
0.840965382,-1
0.846725419,32
0.852485456,64
0.858245493,82
0.86400553,105
0.869765566,106
0.875525603,118
0.88128564,116
0.887045677,118
0.892805714,118
0.898565751,103
0.904325788,88
0.910085825,72
0.915845861,49
0.921605898,18
0.927365935,-9
0.933125972,-35
0.938886009,-54
0.944646046,-81
0.950406083,-99
0.956166119,-115
0.961926156,-120
0.967686193,-106
0.97344623,-72
0.979206267,-51
0.984966304,-27
0.990726341,-9
0.996486378,5
1.002246414,8
1.008006451,11
1.013766488,34
1.019526525,42
1.025286562,57
1.031046599,30
1.036806636,-6
1.042566672,-71
1.048326709,-111
1.054086746,-153
1.059846783,-183
1.06560682,-185
1.071366857,-154
1.077126894,-121
1.08288693,-67
1.088646967,-27
1.094407004,6
1.100167041,13
1.105927078,9
1.111687115,14
1.117447152,7
1.123207189,6
1.128967225,27
1.134727262,41
1.140487299,77
1.146247336,94
1.152007373,82
1.15776741,58
1.163527447,32
1.169287483,10
1.17504752,21
1.180807557,22
1.186567594,33
1.192327631,33
1.198087668,12
1.203847705,-5
1.209607741,-10
1.215367778,-27
1.221127815,-25
1.226887852,-2
1.232647889,21
1.238407926,45
1.244167963,49
1.249928,63
1.255688036,72
1.261448073,62
1.26720811,70
1.272968147,81
1.278728184,90
1.284488221,72
1.290248258,54
1.296008294,17
1.301768331,-29
1.307528368,-54
1.313288405,-90
1.319048442,-105
1.324808479,-123
1.330568516,-121
1.336328553,-124
1.342088589,-127
1.347848626,-114
1.353608663,-93
1.3593687,-62
1.365128737,-31
1.370888774,-7
1.376648811,-3
1.382408847,-14
1.388168884,-20
1.393928921,-15
1.399688958,-21
1.405448995,-22
1.411209032,-31
1.416969069,-49
1.422729105,-66
1.428489142,-59
1.434249179,-57
1.440009216,-53
1.445769253,-53
1.45152929,-46
1.457289327,-34
1.463049364,-38
1.4688094,-33
1.474569437,-33
1.480329474,-41
1.486089511,-36
1.491849548,-30
1.497609585,-9
1.503369622,3
1.509129658,18
1.514889695,43
1.520649732,58
1.526409769,88
1.532169806,105
1.537929843,109
1.54368988,105
1.549449916,94
1.555209953,80
1.56096999,46
1.566730027,23
1.572490064,20
1.578250101,6
1.584010138,-1
1.589770175,-9
1.595530211,-12
1.601290248,-23
1.607050285,-22
1.612810322,-16
1.618570359,-27
1.624330396,-31
1.630090433,-21
1.635850469,-4
1.641610506,16
1.647370543,37
1.65313058,52
1.658890617,50
1.664650654,42
1.670410691,27
1.676170727,25
1.681930764,7
1.687690801,3
1.693450838,5
1.699210875,10
1.704970912,14
1.710730949,11
1.716490986,4
1.722251022,-10
1.728011059,-21
1.733771096,-19
1.739531133,-32
1.74529117,-26
1.751051207,-23
1.756811244,-22
1.76257128,-29
1.768331317,-40
1.774091354,-40
1.779851391,-39
1.785611428,-46
1.791371465,-44
1.797131502,-43
1.802891539,-53
1.808651575,-52
1.814411612,-46
1.820171649,-43
1.825931686,-31
1.831691723,-14
1.83745176,8
1.843211797,7
1.848971833,14
1.85473187,12
1.860491907,5
1.866251944,20
1.872011981,16
1.877772018,12
1.883532055,-8
1.889292091,-14
1.895052128,-28
1.900812165,-18
1.906572202,-6
1.912332239,26
1.918092276,41
1.923852313,56
1.92961235,57
1.935372386,61
1.941132423,53
1.94689246,26
1.952652497,10
1.958412534,-27
1.964172571,-52
1.969932608,-65
1.975692644,-82
1.981452681,-102
1.987212718,-133
1.992972755,-150
1.998732792,-165
2.004492829,-168
2.010252866,-167
2.016012902,-166
2.021772939,-159
2.027532976,-144
2.033293013,-114
2.03905305,-82
2.044813087,-67
2.050573124,-52
2.056333161,-35
2.062093197,-44
2.067853234,-25
2.073613271,-8
2.079373308,14
2.085133345,19
2.090893382,26
2.096653419,27
2.102413455,26
2.108173492,31
2.113933529,27
2.119693566,17
2.125453603,31
2.13121364,29
2.136973677,38
2.142733713,11
2.14849375,5
2.154253787,-5
2.160013824,0
2.165773861,13
2.171533898,39
2.177293935,77
2.183053972,79
2.188814008,98
2.194574045,96
2.200334082,87
2.206094119,80
2.211854156,69
2.217614193,52
2.22337423,31
2.229134266,18
2.234894303,16
2.24065434,10
2.246414377,-7
2.252174414,5
2.257934451,-9
2.263694488,2
2.269454525,-2
2.275214561,6
2.280974598,13
2.286734635,18
2.292494672,31
2.298254709,48
2.304014746,49
2.309774783,62
2.315534819,91
2.321294856,96
2.327054893,98
2.33281493,90
2.338574967,67
2.344335004,39
2.350095041,11
2.355855077,-2
2.361615114,-33
2.367375151,-26
2.373135188,-14
2.378895225,-15
2.384655262,3
2.390415299,-32
2.396175336,-34
2.401935372,-47
2.407695409,-29
2.413455446,-6
2.419215483,34
2.42497552,66
2.430735557,109
2.436495594,115
2.44225563,102
2.448015667,96
2.453775704,89
2.459535741,86
2.465295778,94
2.471055815,67
2.476815852,44
2.482575888,3
2.488335925,-14
2.494095962,-31
2.499855999,-29
2.505616036,-51
2.511376073,-60
2.51713611,-91
2.522896147,-105
2.528656183,-114
2.53441622,-111
2.540176257,-127
2.545936294,-127
2.551696331,-98
2.557456368,-77
2.563216405,-71
2.568976441,-67
2.574736478,-66
2.580496515,-45
2.586256552,-36
2.592016589,-14
2.597776626,-9
2.603536663,1
2.609296699,13
2.615056736,32
2.620816773,44
2.62657681,55
2.632336847,58
2.638096884,53
2.643856921,28
2.649616958,29
2.655376994,16
2.661137031,8
2.666897068,9
2.672657105,6
2.678417142,20
2.684177179,18
2.689937216,5
2.695697252,4
2.701457289,-3
2.707217326,-6
2.712977363,-6
2.7187374,-16
2.724497437,-12
2.730257474,-4
2.736017511,-1
2.741777547,-4
2.747537584,2
2.753297621,12
2.759057658,17
2.764817695,39
2.770577732,44
2.776337769,51
2.782097805,36
2.787857842,37
2.793617879,36
2.799377916,38
2.805137953,34
2.81089799,43
2.816658027,27
2.822418063,1
2.8281781,-23
2.833938137,-34
2.839698174,-46
2.845458211,-58
2.851218248,-41
2.856978285,-22
2.862738322,-3
2.868498358,7
2.874258395,20
2.880018432,35
2.885778469,73
2.891538506,95
2.897298543,129
2.90305858,125
2.908818616,130
2.914578653,128
2.92033869,108
2.926098727,84
2.931858764,52
2.937618801,4
2.943378838,-41
2.949138874,-60
2.954898911,-77
2.960658948,-75
2.966418985,-64
2.972179022,-61
2.977939059,-65
2.983699096,-70
2.989459133,-63
2.995219169,-57
3.000979206,-43
3.006739243,-38
3.01249928,-3
3.018259317,9
3.024019354,21
3.029779391,44
3.035539427,57
3.041299464,71
3.047059501,70
3.052819538,46
3.058579575,6
3.064339612,-43
3.070099649,-85
3.075859686,-106
3.081619722,-133
3.087379759,-130
3.093139796,-111
3.098899833,-91
3.10465987,-62
3.110419907,-39
3.116179944,4
3.12193998,42
3.127700017,90
3.133460054,160
3.139220091,198
3.144980128,224
3.150740165,228
3.156500202,224
3.162260238,208
3.168020275,197
3.173780312,183
3.179540349,168
3.185300386,146
3.191060423,133
3.19682046,118
3.202580497,86
3.208340533,81
3.21410057,64
3.219860607,46
3.225620644,28
3.231380681,8
3.237140718,1
3.242900755,-8
3.248660791,9
3.254420828,43
3.260180865,49
3.265940902,49
3.271700939,15
3.277460976,-28
3.283221013,-98
3.288981049,-141
3.294741086,-180
3.300501123,-199
3.30626116,-211
3.312021197,-203
3.317781234,-171
3.323541271,-125
3.329301308,-66
3.335061344,-13
3.340821381,31
3.346581418,61
3.352341455,71
3.358101492,66
3.363861529,51
3.369621566,57
3.375381602,58
3.381141639,58
3.386901676,80
3.392661713,96
3.39842175,109
3.404181787,93
3.409941824,70
3.41570186,39
3.421461897,-1
3.427221934,-20
3.432981971,-24
3.438742008,-1
3.444502045,8
3.450262082,13
3.456022119,-4
3.461782155,-14
3.467542192,-17
3.473302229,21
3.479062266,48
3.484822303,86
3.49058234,113
3.496342377,123
3.502102413,135
3.50786245,136
3.513622487,145
3.519382524,154
3.525142561,166
3.530902598,174
3.536662635,158
3.542422672,130
3.548182708,96
3.553942745,72
3.559702782,46
3.565462819,34
3.571222856,31
3.576982893,34
3.58274293,20
3.588502966,18
3.594263003,22
3.60002304,2
3.605783077,8
3.611543114,5
3.617303151,5
3.623063188,-4
3.628823224,-13
3.634583261,-13
3.640343298,-4
3.646103335,-3
3.651863372,-1
3.657623409,-3
3.663383446,-15
3.669143483,-26
3.674903519,-45
3.680663556,-72
3.686423593,-87
3.69218363,-91
3.697943667,-121
3.703703704,-149
3.709463741,-157
3.715223777,-173
3.720983814,-171
3.726743851,-148
3.732503888,-111
3.738263925,-81
3.744023962,-65
3.749783999,-42
3.755544035,-29
3.761304072,-9
3.767064109,-15
3.772824146,-10
3.778584183,-17
3.78434422,-34
3.790104257,-49
3.795864294,-74
3.80162433,-88
3.807384367,-88
3.813144404,-71
3.818904441,-57
3.824664478,-48
3.830424515,-45
3.836184552,-63
3.841944588,-79
3.847704625,-82
3.853464662,-62
3.859224699,-43
3.864984736,-18
3.870744773,3
3.87650481,24
3.882264846,27
3.888024883,35
3.89378492,42
3.899544957,57
3.905304994,75
3.911065031,88
3.916825068,64
3.922585105,27
3.928345141,-1
3.934105178,-28
3.939865215,-41
3.945625252,-49
3.951385289,-45
3.957145326,-35
3.962905363,-30
3.968665399,-18
3.974425436,0
3.980185473,2
3.98594551,30
3.991705547,59
3.997465584,73
4.003225621,72
4.008985658,75
4.014745694,72
4.020505731,69
4.026265768,54
4.032025805,35
4.037785842,0
4.043545879,-43
4.049305916,-80
4.055065952,-132
4.060825989,-151
4.066586026,-166
4.072346063,-136
4.0781061,-110
4.083866137,-90
4.089626174,-63
4.09538621,-52
4.101146247,-28
4.106906284,-13
4.112666321,19
4.118426358,44
4.124186395,46
4.129946432,36
4.135706469,26
4.141466505,12
4.147226542,8
4.152986579,7
4.158746616,-21
4.164506653,-36
4.17026669,-65
4.176026727,-66
4.181786763,-73
4.1875468,-59
4.193306837,-37
4.199066874,-10
4.204826911,9
4.210586948,35
4.216346985,50
4.222107021,53
4.227867058,72
4.233627095,97
4.239387132,106
4.245147169,114
4.250907206,117
4.256667243,93
4.26242728,61
4.268187316,38
4.273947353,28
4.27970739,13
4.285467427,-9
4.291227464,-42
4.296987501,-71
4.302747538,-111
4.308507574,-111
4.314267611,-99
4.320027648,-74
4.325787685,-46
4.331547722,-18
4.337307759,-3
4.343067796,9
4.348827832,21
4.354587869,41
4.360347906,54
4.366107943,71
4.37186798,88
4.377628017,93
4.383388054,77
4.389148091,62
4.394908127,40
4.400668164,30
4.406428201,10
4.412188238,3
4.417948275,-21
4.423708312,-40
4.429468349,-72
4.435228385,-109
4.440988422,-136
4.446748459,-149
4.452508496,-145
4.458268533,-129
4.46402857,-96
4.469788607,-43
4.475548644,-2
4.48130868,27
4.487068717,42
4.492828754,48
4.498588791,30
4.504348828,-14
4.510108865,-35
4.515868902,-61
4.521628938,-86
4.527388975,-94
4.533149012,-114
4.538909049,-112
4.544669086,-90
4.550429123,-56
4.55618916,-28
4.561949196,-5
4.567709233,6
4.57346927,23
4.579229307,-8
4.584989344,-24
4.590749381,-38
4.596509418,-55
4.602269455,-72
4.608029491,-74
4.613789528,-62
4.619549565,-56
4.625309602,-43
4.631069639,-38
4.636829676,-26
4.642589713,-43
4.648349749,-51
4.654109786,-62
4.659869823,-55
4.66562986,-43
4.671389897,-27
4.677149934,-9
4.682909971,-15
4.688670007,-7
4.694430044,-2
4.700190081,6
4.705950118,18
4.711710155,18
4.717470192,13
4.723230229,0
4.728990266,12
4.734750302,21
4.740510339,43
4.746270376,58
4.752030413,79
4.75779045,99
4.763550487,93
4.769310524,107
4.77507056,100
4.780830597,112
4.786590634,122
4.792350671,134
4.798110708,129
4.803870745,102
4.809630782,73
4.815390819,43
4.821150855,21
4.826910892,13
4.832670929,6
4.838430966,-9
4.844191003,-26
4.84995104,-52
4.855711077,-54
4.861471113,-59
4.86723115,-38
4.872991187,-25
4.878751224,-5
4.884511261,-3
4.890271298,1
4.896031335,-8
4.901791371,-19
4.907551408,-33
4.913311445,-21
4.919071482,-36
4.924831519,-44
4.930591556,-56
4.936351593,-51
4.94211163,-41
4.947871666,-33
4.953631703,-1
4.95939174,3
4.965151777,9
4.970911814,14
4.976671851,6
4.982431888,-7
4.988191924,-23
4.993951961,-14
4.999711998,-11
5.005472035,8
5.011232072,15
5.016992109,23
5.022752146,22
5.028512182,25
5.034272219,34
5.040032256,37
5.045792293,41
5.05155233,56
5.057312367,58
5.063072404,56
5.068832441,59
5.074592477,49
5.080352514,44
5.086112551,23
5.091872588,10
5.097632625,-1
5.103392662,-16
5.109152699,-24
5.114912735,-11
5.120672772,2
5.126432809,19
5.132192846,23
5.137952883,16
5.14371292,8
5.149472957,5
5.155232993,7
5.16099303,14
5.166753067,36
5.172513104,50
5.178273141,67
5.184033178,74
5.189793215,84
5.195553252,71
5.201313288,55
5.207073325,29
5.212833362,38
5.218593399,23
5.224353436,12
5.230113473,-11
5.23587351,-44
5.241633546,-77
5.247393583,-85
5.25315362,-83
5.258913657,-77
5.264673694,-74
5.270433731,-56
5.276193768,-36
5.281953805,-24
5.287713841,7
5.293473878,43
5.299233915,66
5.304993952,91
5.310753989,96
5.316514026,93
5.322274063,72
5.328034099,50
5.333794136,34
5.339554173,7
5.34531421,-5
5.351074247,-10
5.356834284,-38
5.362594321,-59
5.368354357,-78
5.374114394,-72
5.379874431,-55
5.385634468,-33
5.391394505,2
5.397154542,25
5.402914579,50
5.408674616,64
5.414434652,85
5.420194689,93
5.425954726,94
5.431714763,101
5.4374748,101
5.443234837,83
5.448994874,72
5.45475491,55
5.460514947,23
5.466274984,14
5.472035021,2
5.477795058,-7
5.483555095,-26
5.489315132,-21
5.495075168,-21
5.500835205,6
5.506595242,19
5.512355279,45
5.518115316,74
5.523875353,94
5.52963539,115
5.535395427,127
5.541155463,133
5.5469155,126
5.552675537,124
5.558435574,105
5.564195611,86
5.569955648,76
5.575715685,59
5.581475721,48
5.587235758,17
5.592995795,-2
5.598755832,-23
5.604515869,-30
5.610275906,-34
5.616035943,-31
5.621795979,-31
5.627556016,-21
5.633316053,-1
5.63907609,23
5.644836127,34
5.650596164,49
5.656356201,55
5.662116238,53
5.667876274,49
5.673636311,50
5.679396348,47
5.685156385,40
5.690916422,44
5.696676459,30
5.702436496,14
5.708196532,-7
5.713956569,3
5.719716606,-13
5.725476643,-10
5.73123668,-32
5.736996717,-45
5.742756754,-74
5.748516791,-76
5.754276827,-76
5.760036864,-69
5.765796901,-48
5.771556938,-25
5.777316975,-12
5.783077012,1
5.788837049,21
5.794597085,53
5.800357122,81
5.806117159,99
5.811877196,100
5.817637233,68
5.82339727,28
5.829157307,2
5.834917343,-19
5.84067738,-26
5.846437417,-36
5.852197454,-43
5.857957491,-61
5.863717528,-90
5.869477565,-106
5.875237602,-118
5.880997638,-118
5.886757675,-118
5.892517712,-106
5.898277749,-111
5.904037786,-114
5.909797823,-113
5.91555786,-109
5.921317896,-91
5.927077933,-73
5.93283797,-33
5.938598007,-20
5.944358044,-10
5.950118081,-9
5.955878118,-6
5.961638154,-13
5.967398191,-4
5.973158228,10
5.978918265,39
5.984678302,38
5.990438339,25
5.996198376,-13
6.001958413,-48
6.007718449,-55
6.013478486,-47
6.019238523,-40
6.02499856,-40
6.030758597,-39
6.036518634,-45
6.042278671,-56
6.048038707,-60
6.053798744,-45
6.059558781,-36
6.065318818,-15
6.071078855,-19
6.076838892,-3
6.082598929,-26
6.088358965,-9
6.094119002,4
6.099879039,5
6.105639076,9
6.111399113,-3
6.11715915,-30
6.122919187,-58
6.128679224,-92
6.13443926,-110
6.140199297,-135
6.145959334,-142
6.151719371,-166
6.157479408,-188
6.163239445,-221
6.168999482,-217
6.174759518,-198
6.180519555,-167
6.186279592,-132
6.192039629,-107
6.197799666,-70
6.203559703,-45
6.20931974,-26
6.215079777,-13
6.220839813,0
6.22659985,19
6.232359887,30
6.238119924,32
6.243879961,-5
6.249639998,-19
6.255400035,-35
6.261160071,-56
6.266920108,-68
6.272680145,-86
6.278440182,-89
6.284200219,-78
6.289960256,-42
6.295720293,-12
6.301480329,15
6.307240366,40
6.313000403,53
6.31876044,68
6.324520477,73
6.330280514,82
6.336040551,82
6.341800588,79
6.347560624,84
6.353320661,102
6.359080698,100
6.364840735,73
6.370600772,43
6.376360809,25
6.382120846,5
6.387880882,-7
6.393640919,-6
6.399400956,-15
6.405160993,-7
6.41092103,-26
6.416681067,-18
6.422441104,-19
6.42820114,2
6.433961177,27
6.439721214,36
6.445481251,44
6.451241288,29
6.457001325,29
6.462761362,5
6.468521399,12
6.474281435,45
6.480041472,56
6.485801509,77
6.491561546,83
6.497321583,82
6.50308162,81
6.508841657,69
6.514601693,65
6.52036173,57
6.526121767,46
6.531881804,42
6.537641841,32
6.543401878,13
6.549161915,1
6.554921952,-21
6.560681988,-33
6.566442025,-37
6.572202062,-22
6.577962099,-7
6.583722136,-24
6.589482173,-32
6.59524221,-49
6.601002246,-40
6.606762283,-36
6.61252232,-5
6.618282357,3
6.624042394,15
6.629802431,14
6.635562468,0
6.641322504,-17
6.647082541,-19
6.652842578,-8
6.658602615,-8
6.664362652,-22
6.670122689,-34
6.675882726,-61
6.681642763,-74
6.687402799,-74
6.693162836,-65
6.698922873,-68
6.70468291,-61
6.710442947,-52
6.716202984,-34
6.721963021,-21
6.727723057,2
6.733483094,31
6.739243131,52
6.745003168,68
6.750763205,86
6.756523242,89
6.762283279,87
6.768043315,62
6.773803352,55
6.779563389,22
6.785323426,-2
6.791083463,-18
6.7968435,-42
6.802603537,-53
6.808363574,-70
6.81412361,-75
6.819883647,-82
6.825643684,-67
6.831403721,-49
6.837163758,-19
6.842923795,-12
6.848683832,4
6.854443868,32
6.860203905,61
6.865963942,74
6.871723979,104
6.877484016,109
6.883244053,109
6.88900409,114
6.894764126,117
6.900524163,112
6.9062842,94
6.912044237,75
6.917804274,52
6.923564311,27
6.929324348,10
6.935084385,1
6.940844421,-14
6.946604458,-33
6.952364495,-49
6.958124532,-65
6.963884569,-82
6.969644606,-82
6.975404643,-88
6.981164679,-91
6.986924716,-85
6.992684753,-72
6.99844479,-59
7.004204827,-48
7.009964864,-35
7.015724901,-17
7.021484938,0
7.027244974,12
7.033005011,30
7.038765048,42
7.044525085,45
7.050285122,47
7.056045159,44
7.061805196,32
7.067565232,21
7.073325269,11
7.079085306,2
7.084845343,-10
7.09060538,-34
7.096365417,-39
7.102125454,-56
7.10788549,-51
7.113645527,-30
7.119405564,-9
7.125165601,5
7.130925638,38
7.136685675,71
7.142445712,86
7.148205749,102
7.153965785,128
7.159725822,132
7.165485859,139
7.171245896,144
7.177005933,129
7.18276597,106
7.188526007,82
7.194286043,61
7.20004608,43
7.205806117,30
7.211566154,25
7.217326191,33
7.223086228,36
7.228846265,48
7.234606301,56
7.240366338,56
7.246126375,69
7.251886412,88
7.257646449,106
7.263406486,111
7.269166523,111
7.27492656,125
7.280686596,131
7.286446633,151
7.29220667,146
7.297966707,138
7.303726744,95
7.309486781,62
7.315246818,19
7.321006854,-4
7.326766891,-26
7.332526928,-45
7.338286965,-73
7.344047002,-106
7.349807039,-111
7.355567076,-112
7.361327112,-94
7.367087149,-72
7.372847186,-21
7.378607223,13
7.38436726,30
7.390127297,48
7.395887334,61
7.401647371,78
7.407407407,100
7.413167444,116
7.418927481,124
7.424687518,133
7.430447555,151
7.436207592,167
7.441967629,186
7.447727665,193
7.453487702,205
7.459247739,198
7.465007776,197
7.470767813,176
7.47652785,145
7.482287887,106
7.488047924,75
7.49380796,70
7.499567997,60
7.505328034,45
7.511088071,25
7.516848108,10
7.522608145,-6
7.528368182,-11
7.534128218,-12
7.539888255,-20
7.545648292,-30
7.551408329,-27
7.557168366,-34
7.562928403,-34
7.56868844,-20
7.574448476,2
7.580208513,29
7.58596855,38
7.591728587,42
7.597488624,35
7.603248661,-1
7.609008698,-25
7.614768735,-51
7.620528771,-65
7.626288808,-64
7.632048845,-69
7.637808882,-61
7.643568919,-77
7.649328956,-63
7.655088993,-47
7.660849029,-31
7.666609066,-19
7.672369103,4
7.67812914,5
7.683889177,2
7.689649214,-3
7.695409251,-5
7.701169287,-4
7.706929324,-2
7.712689361,-7
7.718449398,-32
7.724209435,-58
7.729969472,-76
7.735729509,-93
7.741489546,-109
7.747249582,-123
7.753009619,-107
7.758769656,-92
7.764529693,-77
7.77028973,-51
7.776049767,-46
7.781809804,-21
7.78756984,-29
7.793329877,-1
7.799089914,0
7.804849951,13
7.810609988,20
7.816370025,24
7.822130062,30
7.827890098,31
7.833650135,41
7.839410172,43
7.845170209,37
7.850930246,30
7.856690283,6
7.86245032,-17
7.868210357,-37
7.873970393,-45
7.87973043,-47
7.885490467,-51
7.891250504,-36
7.897010541,-39
7.902770578,-40
7.908530615,-23
7.914290651,14
7.920050688,38
7.925810725,47
7.931570762,46
7.937330799,42
7.943090836,11
7.948850873,-11
7.95461091,-33
7.960370946,-71
7.966130983,-90
7.97189102,-110
7.977651057,-119
7.983411094,-120
7.989171131,-113
7.994931168,-105
8.000691204,-101
8.006451241,-92
8.012211278,-73
8.017971315,-64
8.023731352,-66
8.029491389,-64
8.035251426,-61
8.041011462,-62
8.046771499,-56
8.052531536,-59
8.058291573,-77
8.06405161,-86
8.069811647,-74
8.075571684,-76
8.081331721,-38
8.087091757,-21
8.092851794,33
8.098611831,63
8.104371868,61
8.110131905,57
8.115891942,53
8.121651979,31
8.127412015,32
8.133172052,31
8.138932089,25
8.144692126,20
8.150452163,18
8.1562122,13
8.161972237,-3
8.167732273,-24
8.17349231,-25
8.179252347,-39
8.185012384,-34
8.190772421,-34
8.196532458,-14
8.202292495,-15
8.208052532,-11
8.213812568,7
8.219572605,7
8.225332642,14
8.231092679,12
8.236852716,24
8.242612753,16
8.24837279,25
8.254132826,25
8.259892863,22
8.2656529,15
8.271412937,4
8.277172974,-13
8.282933011,-34
8.288693048,-26
8.294453084,2
8.300213121,29
8.305973158,56
8.311733195,69
8.317493232,85
8.323253269,97
8.329013306,105
8.334773343,117
8.340533379,117
8.346293416,106
8.352053453,79
8.35781349,29
8.363573527,-34
8.369333564,-68
8.375093601,-88
8.380853637,-96
8.386613674,-98
8.392373711,-111
8.398133748,-131
8.403893785,-136
8.409653822,-122
8.415413859,-88
8.421173896,-53
8.426933932,-12
8.432693969,43
8.438454006,93
8.444214043,88
8.44997408,85
8.455734117,78
8.461494154,71
8.46725419,84
8.473014227,86
8.478774264,68
8.484534301,51
8.490294338,30
8.496054375,22
8.501814412,7
8.507574448,9
8.513334485,18
8.519094522,7
8.524854559,0
8.530614596,-6
8.536374633,-7
8.54213467,-10
8.547894707,-13
8.553654743,0
8.55941478,-4
8.565174817,1
8.570934854,-11
8.576694891,-33
8.582454928,-48
8.588214965,-60
8.593975001,-36
8.599735038,-48
8.605495075,-58
8.611255112,-103
8.617015149,-123
8.622775186,-137
8.628535223,-105
8.634295259,-59
8.640055296,-11
8.645815333,40
8.65157537,64
8.657335407,74
8.663095444,58
8.668855481,69
8.674615518,71
8.680375554,80
8.686135591,79
8.691895628,74
8.697655665,63
8.703415702,46
8.709175739,43
8.714935776,38
8.720695812,37
8.726455849,38
8.732215886,22
8.737975923,8
8.74373596,-28
8.749495997,-44
8.755256034,-81
8.761016071,-97
8.766776107,-100
8.772536144,-79
8.778296181,-60
8.784056218,-45
8.789816255,-22
8.795576292,1
8.801336329,31
8.807096365,56
8.812856402,80
8.818616439,79
8.824376476,80
8.830136513,67
8.83589655,56
8.841656587,50
8.847416623,42
8.85317666,35
8.858936697,11
8.864696734,-31
8.870456771,-57
8.876216808,-63
8.881976845,-61
8.887736882,-38
8.893496918,-20
8.899256955,-14
8.905016992,-21
8.910777029,-9
8.916537066,8
8.922297103,28
8.92805714,49
8.933817176,80
8.939577213,82
8.94533725,96
8.951097287,92
8.956857324,97
8.962617361,79
8.968377398,65
8.974137434,46
8.979897471,19
8.985657508,-9
8.991417545,-29
8.997177582,-45
9.002937619,-73
9.008697656,-108
9.014457693,-121
9.020217729,-138
9.025977766,-120
9.031737803,-109
9.03749784,-96
9.043257877,-95
9.049017914,-62
9.054777951,-19
9.060537987,18
9.066298024,63
9.072058061,116
9.077818098,165
9.083578135,195
9.089338172,195
9.095098209,150
9.100858245,92
9.106618282,16
9.112378319,-46
9.118138356,-109
9.123898393,-177
9.12965843,-242
9.135418467,-261
9.141178504,-262
9.14693854,-232
9.152698577,-188
9.158458614,-137
9.164218651,-84
9.169978688,-31
9.175738725,6
9.181498762,36
9.187258798,66
9.193018835,97
9.198778872,98
9.204538909,85
9.210298946,46
9.216058983,29
9.22181902,-20
9.227579057,-34
9.233339093,-52
9.23909913,-84
9.244859167,-106
9.250619204,-133
9.256379241,-170
9.262139278,-182
9.267899315,-186
9.273659351,-158
9.279419388,-123
9.285179425,-76
9.290939462,-32
9.296699499,4
9.302459536,17
9.308219573,28
9.313979609,40
9.319739646,44
9.325499683,43
9.33125972,33
9.337019757,17
9.342779794,-12
9.348539831,-21
9.354299868,-26
9.360059904,-31
9.365819941,-36
9.371579978,-47
9.377340015,-57
9.383100052,-66
9.388860089,-57
9.394620126,-35
9.400380162,-32
9.406140199,-25
9.411900236,-10
9.417660273,20
9.42342031,26
9.429180347,41
9.434940384,57
9.44070042,62
9.446460457,75
9.452220494,79
9.457980531,82
9.463740568,67
9.469500605,50
9.475260642,27
9.481020679,20
9.486780715,16
9.492540752,19
9.498300789,13
9.504060826,-9
9.509820863,-12
9.5155809,-27
9.521340937,-43
9.527100973,-48
9.53286101,-48
9.538621047,-51
9.544381084,-44
9.550141121,-38
9.555901158,-27
9.561661195,-31
9.567421231,-30
9.573181268,-6
9.578941305,7
9.584701342,12
9.590461379,19
9.596221416,11
9.601981453,19
9.60774149,13
9.613501526,23
9.619261563,25
9.6250216,38
9.630781637,41
9.636541674,37
9.642301711,18
9.648061748,14
9.653821784,5
9.659581821,12
9.665341858,14
9.671101895,16
9.676861932,23
9.682621969,35
9.688382006,41
9.694142043,64
9.699902079,72
9.705662116,86
9.711422153,92
9.71718219,97
9.722942227,69
9.728702264,68
9.734462301,61
9.740222337,57
9.745982374,50
9.751742411,34
9.757502448,22
9.763262485,-13
9.769022522,-26
9.774782559,-27
9.780542595,-32
9.786302632,-24
9.792062669,-14
9.797822706,-6
9.803582743,17
9.80934278,30
9.815102817,55
9.820862854,67
9.82662289,78
9.832382927,92
9.838142964,91
9.843903001,56
9.849663038,46
9.855423075,20
9.861183112,3
9.866943148,-15
9.872703185,-15
9.878463222,-34
9.884223259,-49
9.889983296,-51
9.895743333,-51
9.90150337,-35
9.907263406,-22
9.913023443,-5
9.91878348,8
9.924543517,25
9.930303554,25
9.936063591,17
9.941823628,0
9.947583665,-7
9.953343701,-2
9.959103738,12
9.964863775,18
9.970623812,16
9.976383849,8
9.982143886,2
9.987903923,-20
9.993663959,-29
9.999423996,-56
10.00518403,-73
10.01094407,-69
10.01670411,-71
10.02246414,-66
10.02822418,-61
10.03398422,-41
10.03974425,-35
10.04550429,-10
10.05126433,-5
10.05702436,10
10.0627844,-4
10.06854444,-6
10.07430448,-2
10.08006451,16
10.08582455,16
10.09158459,19
10.09734462,-1
10.10310466,-24
10.1088647,-21
10.11462473,-29
10.12038477,-44
10.12614481,-55
10.13190484,-82
10.13766488,-99
10.14342492,-133
10.14918495,-136
10.15494499,-135
10.16070503,-106
10.16646507,-75
10.1722251,-44
10.17798514,-27
10.18374518,-38
10.18950521,-46
10.19526525,-50
10.20102529,-49
10.20678532,-43
10.21254536,-35
10.2183054,-47
10.22406543,-68
10.22982547,-81
10.23558551,-86
10.24134554,-89
10.24710558,-84
10.25286562,-59
10.25862566,-20
10.26438569,-1
10.27014573,27
10.27590577,30
10.2816658,44
10.28742584,48
10.29318588,67
10.29894591,67
10.30470595,52
10.31046599,44
10.31622602,31
10.32198606,11
10.3277461,3
10.33350613,26
10.33926617,41
10.34502621,49
10.35078625,40
10.35654628,27
10.36230632,7
10.36806636,8
10.37382639,18
10.37958643,21
10.38534647,29
10.3911065,41
10.39686654,49
10.40262658,47
10.40838661,43
10.41414665,47
10.41990669,43
10.42566672,46
10.43142676,33
10.4371868,22
10.44294683,7
10.44870687,4
10.45446691,-6
10.46022695,0
10.46598698,6
10.47174702,17
10.47750706,10
10.48326709,-14
10.48902713,-20
10.49478717,-24
10.5005472,-30
10.50630724,-36
10.51206728,-34
10.51782731,-54
10.52358735,-64
10.52934739,-58
10.53510742,-60
10.54086746,-39
10.5466275,-24
10.55238754,5
10.55814757,29
10.56390761,29
10.56966765,42
10.57542768,49
10.58118772,62
10.58694776,66
10.59270779,68
10.59846783,59
10.60422787,47
10.6099879,33
10.61574794,20
10.62150798,-2
10.62726801,-10
10.63302805,-18
10.63878809,-25
10.64454813,-35
10.65030816,-42
10.6560682,-57
10.66182824,-56
10.66758827,-40
10.67334831,-1
10.67910835,24
10.68486838,53
10.69062842,91
10.69638846,101
10.70214849,113
10.70790853,95
10.71366857,92
10.7194286,64
10.72518864,63
10.73094868,46
10.73670871,6
10.74246875,-24
10.74822879,-62
10.75398883,-69
10.75974886,-70
10.7655089,-58
10.77126894,-32
10.77702897,-11
10.78278901,8
10.78854905,27
10.79430908,53
10.80006912,67
10.80582916,88
10.81158919,80
10.81734923,99
10.82310927,84
10.8288693,77
10.83462934,69
10.84038938,56
10.84614942,46
10.85190945,37
10.85766949,19
10.86342953,-27
10.86918956,-43
10.8749496,-68
10.88070964,-74
10.88646967,-56
10.89222971,-22
10.89798975,3
10.90374978,27
10.90950982,40
10.91526986,46
10.92102989,57
10.92678993,38
10.93254997,8
10.93831001,6
10.94407004,2
10.94983008,0
10.95559012,-11
10.96135015,-26
10.96711019,-41
10.97287023,-38
10.97863026,-45
10.9843903,-29
10.99015034,-15
10.99591037,2
11.00167041,6
11.00743045,24
11.01319048,34
11.01895052,55
11.02471056,70
11.0304706,103
11.03623063,111
11.04199067,116
11.04775071,111
11.05351074,103
11.05927078,72
11.06503082,67
11.07079085,41
11.07655089,20
11.08231093,3
11.08807096,-9
11.093831,-26
11.09959104,-57
11.10535107,-76
11.11111111,-69
11.11687115,-67
11.12263118,-63
11.12839122,-63
11.13415126,-78
11.1399113,-89
11.14567133,-102
11.15143137,-106
11.15719141,-114
11.16295144,-103
11.16871148,-89
11.17447152,-71
11.18023155,-63
11.18599159,-55
11.19175163,-44
11.19751166,-37
11.2032717,-15
11.20903174,10
11.21479177,31
11.22055181,23
11.22631185,25
11.23207189,8
11.23783192,-7
11.24359196,-19
11.249352,-12
11.25511203,-10
11.26087207,-7
11.26663211,-12
11.27239214,-9
11.27815218,-2
11.28391222,7
11.28967225,27
11.29543229,40
11.30119233,58
11.30695236,65
11.3127124,78
11.31847244,78
11.32423248,94
11.32999251,105
11.33575255,105
11.34151259,95
11.34727262,83
11.35303266,70
11.3587927,48
11.36455273,37
11.37031277,28
11.37607281,16
11.38183284,-2
11.38759288,0
11.39335292,-13
11.39911295,-23
11.40487299,-28
11.41063303,-27
11.41639306,-23
11.4221531,-4
11.42791314,11
11.43367318,23
11.43943321,35
11.44519325,53
11.45095329,71
11.45671332,85
11.46247336,86
11.4682334,77
11.47399343,69
11.47975347,36
11.48551351,23
11.49127354,1
11.49703358,-8
11.50279362,-11
11.50855365,1
11.51431369,15
11.52007373,14
11.52583377,24
11.5315938,24
11.53735384,49
11.54311388,57
11.54887391,78
11.55463395,85
11.56039399,65
11.56615402,65
11.57191406,47
11.5776741,38
11.58343413,19
11.58919417,8
11.59495421,-1
11.60071424,-19
11.60647428,-36
11.61223432,-62
11.61799436,-68
11.62375439,-60
11.62951443,-35
11.63527447,-51
11.6410345,-44
11.64679454,-44
11.65255458,-32
11.65831461,-22
11.66407465,-9
11.66983469,16
11.67559472,28
11.68135476,36
11.6871148,37
11.69287483,30
11.69863487,26
11.70439491,36
11.71015494,44
11.71591498,49
11.72167502,37
11.72743506,51
11.73319509,44
11.73895513,30
11.74471517,20
11.7504752,6
11.75623524,-1
11.76199528,-8
11.76775531,-19
11.77351535,-10
11.77927539,-21
11.78503542,-25
11.79079546,7
11.7965555,8
11.80231553,32
11.80807557,40
11.81383561,49
11.81959565,36
11.82535568,49
11.83111572,48
11.83687576,74
11.84263579,71
11.84839583,71
11.85415587,68
11.8599159,54
11.86567594,58
11.87143598,76
11.87719601,76
11.88295605,74
11.88871609,77
11.89447612,64
11.90023616,43
11.9059962,42
11.91175624,39
11.91751627,50
11.92327631,49
11.92903635,68
11.93479638,76
11.94055642,70
11.94631646,63
11.95207649,57
11.95783653,60
11.96359657,76
11.9693566,89
11.97511664,78
11.98087668,55
11.98663671,37
11.99239675,24
11.99815679,12
12.00391683,-2
12.00967686,-4
12.0154369,-10
12.02119694,-19
12.02695697,-31
12.03271701,-36
12.03847705,-40
12.04423708,-19
12.04999712,3
12.05575716,13
12.06151719,16
12.06727723,21
12.07303727,29
12.0787973,32
12.08455734,34
12.09031738,40
12.09607741,64
12.10183745,76
12.10759749,77
12.11335753,78
12.11911756,55
12.1248776,33
12.13063764,21
12.13639767,-7
12.14215771,-17
12.14791775,-23
12.15367778,-9
12.15943782,-8
12.16519786,22
12.17095789,47
12.17671793,79
12.18247797,93
12.188238,88
12.19399804,68
12.19975808,37
12.20551812,28
12.21127815,28
12.21703819,39
12.22279823,54
12.22855826,88
12.2343183,104
12.24007834,115
12.24583837,123
12.25159841,130
12.25735845,125
12.26311848,114
12.26887852,83
12.27463856,43
12.28039859,-20
12.28615863,-71
12.29191867,-98
12.29767871,-102
12.30343874,-64
12.30919878,-12
12.31495882,20
12.32071885,38
12.32647889,35
12.33223893,37
12.33799896,38
12.343759,58
12.34951904,87
12.35527907,107
12.36103911,102
12.36679915,82
12.37255918,36
12.37831922,-6
12.38407926,-40
12.38983929,-42
12.39559933,-44
12.40135937,-47
12.40711941,-68
12.41287944,-99
12.41863948,-111
12.42439952,-124
12.43015955,-116
12.43591959,-116
12.44167963,-118
12.44743966,-105
12.4531997,-94
12.45895974,-96
12.46471977,-84
12.47047981,-75
12.47623985,-67
12.48199988,-49
12.48775992,-61
12.49351996,-60
12.49928,-92
12.50504003,-104
12.51080007,-101
12.51656011,-105
12.52232014,-92
12.52808018,-80
12.53384022,-78
12.53960025,-84
12.54536029,-89
12.55112033,-89
12.55688036,-99
12.5626404,-101
12.56840044,-116
12.57416047,-133
12.57992051,-127
12.58568055,-119
12.59144059,-86
12.59720062,-82
12.60296066,-80
12.6087207,-80
12.61448073,-73
12.62024077,-76
12.62600081,-66
12.63176084,-63
12.63752088,-59
12.64328092,-62
12.64904095,-53
12.65480099,-57
12.66056103,-51
12.66632106,-55
12.6720811,-53
12.67784114,-51
12.68360118,-57
12.68936121,-47
12.69512125,-46
12.70088129,-40
12.70664132,-30
12.71240136,-36
12.7181614,-21
12.72392143,-12
12.72968147,9
12.73544151,11
12.74120154,4
12.74696158,8
12.75272162,19
12.75848165,51
12.76424169,63
12.77000173,85
12.77576176,74
12.7815218,77
12.78728184,67
12.79304188,43
12.79880191,12
12.80456195,2
12.81032199,14
12.81608202,14
12.82184206,-9
12.8276021,-21
12.83336213,-43
12.83912217,-38
12.84488221,-42
12.85064224,-20
12.85640228,-17
12.86216232,8
12.86792235,24
12.87368239,44
12.87944243,43
12.88520247,49
12.8909625,59
12.89672254,72
12.90248258,83
12.90824261,80
12.91400265,69
12.91976269,49
12.92552272,35
12.93128276,64
12.9370428,66
12.94280283,89
12.94856287,79
12.95432291,61
12.96008294,17
12.96584298,3
12.97160302,-8
12.97736306,-15
12.98312309,-11
12.98888313,0
12.99464317,4
13.0004032,-2
13.00616324,-16
13.01192328,-26
13.01768331,-21
13.02344335,-2
13.02920339,21
13.03496342,31
13.04072346,25
13.0464835,18
13.05224353,16
13.05800357,11
13.06376361,32
13.06952364,47
13.07528368,42
13.08104372,1
13.08680376,-19
13.09256379,-36
13.09832383,-33
13.10408387,-33
13.1098439,-23
13.11560394,-24
13.12136398,-8
13.12712401,1
13.13288405,19
13.13864409,14
13.14440412,33
13.15016416,42
13.1559242,45
13.16168423,39
13.16744427,38
13.17320431,36
13.17896435,10
13.18472438,26
13.19048442,28
13.19624446,40
13.20200449,35
13.20776453,21
13.21352457,17
13.2192846,10
13.22504464,7
13.23080468,-4
13.23656471,-32
13.24232475,-44
13.24808479,-62
13.25384482,-58
13.25960486,-63
13.2653649,-47
13.27112494,-21
13.27688497,9
13.28264501,34
13.28840505,58
13.29416508,68
13.29992512,65
13.30568516,64
13.31144519,54
13.31720523,46
13.32296527,47
13.3287253,49
13.33448534,48
13.34024538,29
13.34600541,10
13.35176545,-1
13.35752549,-4
13.36328553,6
13.36904556,14
13.3748056,33
13.38056564,35
13.38632567,35
13.39208571,46
13.39784575,45
13.40360578,62
13.40936582,79
13.41512586,79
13.42088589,77
13.42664593,63
13.43240597,53
13.438166,52
13.44392604,49
13.44968608,56
13.45544611,57
13.46120615,40
13.46696619,35
13.47272623,13
13.47848626,12
13.4842463,11
13.49000634,26
13.49576637,6
13.50152641,5
13.50728645,-3
13.51304648,3
13.51880652,-1
13.52456656,0
13.53032659,14
13.53608663,23
13.54184667,22
13.5476067,18
13.55336674,16
13.55912678,23
13.56488682,19
13.57064685,29
13.57640689,5
13.58216693,-3
13.58792696,-32
13.593687,-51
13.59944704,-69
13.60520707,-85
13.61096711,-100
13.61672715,-123
13.62248718,-135
13.62824722,-148
13.63400726,-154
13.63976729,-170
13.64552733,-165
13.65128737,-152
13.65704741,-118
13.66280744,-77
13.66856748,-31
13.67432752,-2
13.68008755,26
13.68584759,58
13.69160763,78
13.69736766,89
13.7031277,98
13.70888774,91
13.71464777,64
13.72040781,11
13.72616785,-40
13.73192788,-95
13.73768792,-150
13.74344796,-188
13.74920799,-205
13.75496803,-186
13.76072807,-159
13.76648811,-112
13.77224814,-83
13.77800818,-60
13.78376822,-53
13.78952825,-21
13.79528829,-4
13.80104833,10
13.80680836,12
13.8125684,1
13.81832844,-13
13.82408847,-6
13.82984851,4
13.83560855,-2
13.84136858,-22
13.84712862,-32
13.85288866,-46
13.8586487,-54
13.86440873,-65
13.87016877,-74
13.87592881,-96
13.88168884,-126
13.88744888,-146
13.89320892,-146
13.89896895,-135
13.90472899,-103
13.91048903,-63
13.91624906,-31
13.9220091,3
13.92776914,44
13.93352917,69
13.93928921,80
13.94504925,98
13.95080929,119
13.95656932,146
13.96232936,164
13.9680894,167
13.97384943,181
13.97960947,182
13.98536951,178
13.99112954,163
13.99688958,126
14.00264962,78
14.00840965,44
14.01416969,6
14.01992973,-12
14.02568976,-11
14.0314498,-10
14.03720984,-18
14.04296988,-18
14.04872991,-11
14.05448995,-10
14.06024999,-15
14.06601002,-19
14.07177006,-22
14.0775301,-8
14.08329013,-3
14.08905017,30
14.09481021,33
14.10057024,40
14.10633028,33
14.11209032,24
14.11785035,18
14.12361039,15
14.12937043,18
14.13513046,18
14.1408905,6
14.14665054,-14
14.15241058,-11
14.15817061,-31
14.16393065,-19
14.16969069,-22
14.17545072,-21
14.18121076,-42
14.1869708,-55
14.19273083,-68
14.19849087,-81
14.20425091,-89
14.21001094,-85
14.21577098,-82
14.22153102,-83
14.22729105,-65
14.23305109,-58
14.23881113,-43
14.24457117,-32
14.2503312,-7
14.25609124,10
14.26185128,26
14.26761131,27
14.27337135,28
14.27913139,13
14.28489142,5
14.29065146,4
14.2964115,-9
14.30217153,-3
14.30793157,7
14.31369161,12
14.31945164,-8
14.32521168,-9
14.33097172,-2
14.33673176,4
14.34249179,0
14.34825183,-6
14.35401187,-19
14.3597719,-42
14.36553194,-51
14.37129198,-49
14.37705201,-42
14.38281205,-16
14.38857209,8
14.39433212,15
14.40009216,6
14.4058522,10
14.41161223,18
14.41737227,28
14.42313231,24
14.42889234,18
14.43465238,-9
14.44041242,-42
14.44617246,-58
14.45193249,-72
14.45769253,-68
14.46345257,-63
14.4692126,-44
14.47497264,-30
14.48073268,-36
14.48649271,-29
14.49225275,-42
14.49801279,-56
14.50377282,-71
14.50953286,-63
14.5152929,-53
14.52105293,-40
14.52681297,-18
14.53257301,-1
14.53833305,20
14.54409308,51
14.54985312,86
14.55561316,111
14.56137319,123
14.56713323,120
14.57289327,110
14.5786533,76
14.58441334,50
14.59017338,30
14.59593341,7
14.60169345,-6
14.60745349,-20
14.61321352,-33
14.61897356,-43
14.6247336,-46
14.63049364,-20
14.63625367,24
14.64201371,68
14.64777375,104
14.65353378,141
14.65929382,164
14.66505386,177
14.67081389,190
14.67657393,193
14.68233397,192
14.688094,190
14.69385404,167
14.69961408,113
14.70537411,52
14.71113415,-12
14.71689419,-53
14.72265422,-92
14.72841426,-94
14.7341743,-105
14.73993434,-114
14.74569437,-96
14.75145441,-70
14.75721445,-30
14.76297448,0
14.76873452,31
14.77449456,68
14.78025459,79
14.78601463,87
14.79177467,72
14.7975347,50
14.80329474,46
14.80905478,35
14.81481481,8
14.82057485,-32
14.82633489,-63
14.83209493,-100
14.83785496,-114
14.843615,-131
14.84937504,-125
14.85513507,-115
14.86089511,-101
14.86665515,-76
14.87241518,-52
14.87817522,-23
14.88393526,4
14.88969529,53
14.89545533,71
14.90121537,86
14.9069754,88
14.91273544,86
14.91849548,74
14.92425552,56
14.93001555,41
14.93577559,5
14.94153563,-22
14.94729566,-63
14.9530557,-91
14.95881574,-111
14.96457577,-111
14.97033581,-95
14.97609585,-89
14.98185588,-58
14.98761592,-37
14.99337596,15
14.99913599,40
15.00489603,62
15.01065607,88
15.01641611,100
15.02217614,114
15.02793618,106
15.03369622,105
15.03945625,79
15.04521629,72
15.05097633,70
15.05673636,60
15.0624964,35
15.06825644,16
15.07401647,-25
15.07977651,-50
15.08553655,-84
15.09129658,-98
15.09705662,-100
15.10281666,-74
15.10857669,-41
15.11433673,-10
15.12009677,10
15.12585681,15
15.13161684,6
15.13737688,-7
15.14313692,-27
15.14889695,-25
15.15465699,-48
15.16041703,-63
15.16617706,-82
15.1719371,-109
15.17769714,-145
15.18345717,-181
15.18921721,-195
15.19497725,-192
15.20073728,-194
15.20649732,-174
15.21225736,-168
15.2180174,-134
15.22377743,-115
15.22953747,-69
15.23529751,-41
15.24105754,-15
15.24681758,8
15.25257762,9
15.25833765,1
15.26409769,-9
15.26985773,-20
15.27561776,-26
15.2813778,-44
15.28713784,-48
15.29289787,-40
15.29865791,-43
15.30441795,-25
15.31017799,-14
15.31593802,-16
15.32169806,-20
15.3274581,-40
15.33321813,-55
15.33897817,-68
15.34473821,-67
15.35049824,-55
15.35625828,-54
15.36201832,-36
15.36777835,-10
15.37353839,6
15.37929843,-3
15.38505846,-1
15.3908185,-2
15.39657854,5
15.40233857,-1
15.40809861,-7
15.41385865,-20
15.41961869,-49
15.42537872,-67
15.43113876,-76
15.4368988,-89
15.44265883,-66
15.44841887,-58
15.45417891,-45
15.45993894,-59
15.46569898,-51
15.47145902,-27
15.47721905,-8
15.48297909,26
15.48873913,43
15.49449916,55
15.5002592,72
15.50601924,97
15.51177928,102
15.51753931,98
15.52329935,92
15.52905939,95
15.53481942,88
15.54057946,51
15.5463395,5
15.55209953,-23
15.55785957,-26
15.56361961,-38
15.56937964,-26
15.57513968,-18
15.58089972,-18
15.58665975,5
15.59241979,0
15.59817983,-5
15.60393987,-7
15.6096999,11
15.61545994,17
15.62121998,-3
15.62698001,-4
15.63274005,-40
15.63850009,-40
15.64426012,-37
15.65002016,-28
15.6557802,-44
15.66154023,-50
15.66730027,-56
15.67306031,-52
15.67882034,-72
15.68458038,-86
15.69034042,-74
15.69610046,-68
15.70186049,-46
15.70762053,-34
15.71338057,-7
15.7191406,20
15.72490064,45
15.73066068,84
15.73642071,106
15.74218075,113
15.74794079,116
15.75370082,105
15.75946086,87
15.7652209,78
15.77098093,97
15.77674097,95
15.78250101,99
15.78826104,83
15.79402108,51
15.79978112,11
15.80554116,-15
15.81130119,-23
15.81706123,-14
15.82282127,-10
15.8285813,22
15.83434134,36
15.84010138,35
15.84586141,58
15.85162145,72
15.85738149,91
15.86314152,102
15.86890156,124
15.8746616,122
15.88042163,106
15.88618167,93
15.89194171,88
15.89770175,89
15.90346178,84
15.90922182,78
15.91498186,67
15.92074189,49
15.92650193,36
15.93226197,13
15.938022,6
15.94378204,21
15.94954208,46
15.95530211,51
15.96106215,52
15.96682219,55
15.97258222,59
15.97834226,70
15.9841023,72
15.98986234,82
15.99562237,65
16.00138241,75
16.00714245,86
16.01290248,83
16.01866252,70
16.02442256,49
16.03018259,39
16.03594263,24
16.04170267,13
16.0474627,-1
16.05322274,-26
16.05898278,-59
16.06474281,-87
16.07050285,-108
16.07626289,-125
16.08202292,-116
16.08778296,-117
16.093543,-92
16.09930304,-81
16.10506307,-58
16.11082311,-24
16.11658315,-11
16.12234318,12
16.12810322,35
16.13386326,45
16.13962329,35
16.14538333,24
16.15114337,24
16.1569034,-2
16.16266344,1
16.16842348,-16
16.17418351,-42
16.17994355,-84
16.18570359,-112
16.19146363,-113
16.19722366,-96
16.2029837,-76
16.20874374,-63
16.21450377,-40
16.22026381,-44
16.22602385,-24
16.23178388,-22
16.23754392,-11
16.24330396,-18
16.24906399,-12
16.25482403,-14
16.26058407,-38
16.2663441,-52
16.27210414,-68
16.27786418,-64
16.28362422,-43
16.28938425,-7
16.29514429,32
16.30090433,51
16.30666436,72
16.3124244,75
16.31818444,88
16.32394447,103
16.32970451,122
16.33546455,98
16.34122458,78
16.34698462,53
16.35274466,28
16.35850469,14
16.36426473,8
16.37002477,14
16.37578481,19
16.38154484,17
16.38730488,18
16.39306492,21
16.39882495,-1
16.40458499,12
16.41034503,17
16.41610506,46
16.4218651,67
16.42762514,85
16.43338517,78
16.43914521,57
16.44490525,40
16.45066528,24
16.45642532,-3
16.46218536,-16
16.46794539,-46
16.47370543,-49
16.47946547,-52
16.48522551,-25
16.49098554,19
16.49674558,38
16.50250562,52
16.50826565,60
16.51402569,69
16.51978573,78
16.52554576,84
16.5313058,89
16.53706584,86
16.54282587,107
16.54858591,108
16.55434595,102
16.56010598,76
16.56586602,64
16.57162606,48
16.5773861,30
16.58314613,5
16.58890617,-12
16.59466621,-21
16.60042624,-47
16.60618628,-64
16.61194632,-79
16.61770635,-77
16.62346639,-57
16.62922643,-46
16.63498646,-23
16.6407465,-25
16.64650654,4
16.65226657,19
16.65802661,46
16.66378665,53
16.66954669,72
16.67530672,68
16.68106676,58
16.6868268,45
16.69258683,20
16.69834687,9
16.70410691,-6
16.70986694,-8
16.71562698,-27
16.72138702,-53
16.72714705,-72
16.73290709,-85
16.73866713,-87
16.74442716,-82
16.7501872,-64
16.75594724,-53
16.76170727,-34
16.76746731,-15
16.77322735,-1
16.77898739,22
16.78474742,26
16.79050746,48
16.7962675,42
16.80202753,27
16.80778757,4
16.81354761,-16
16.81930764,-49
16.82506768,-60
16.83082772,-64
16.83658775,-81
16.84234779,-71
16.84810783,-59
16.85386786,-41
16.8596279,-28
16.86538794,-19
16.87114798,-2
16.87690801,20
16.88266805,41
16.88842809,70
16.89418812,75
16.89994816,54
16.9057082,46
16.91146823,53
16.91722827,39
16.92298831,27
16.92874834,11
16.93450838,2
16.94026842,-14
16.94602845,-31
16.95178849,-39
16.95754853,-36
16.96330857,-29
16.9690686,-5
16.97482864,-3
16.98058868,0
16.98634871,7
16.99210875,13
16.99786879,25
17.00362882,48
17.00938886,60
17.0151489,67
17.02090893,50
17.02666897,48
17.03242901,38
17.03818904,39
17.04394908,48
17.04970912,46
17.05546916,44
17.06122919,22
17.06698923,9
17.07274927,7
17.0785093,7
17.08426934,17
17.09002938,20
17.09578941,35
17.10154945,34
17.10730949,38
17.11306952,20
17.11882956,15
17.1245896,6
17.13034963,17
17.13610967,15
17.14186971,-3
17.14762974,-10
17.15338978,-31
17.15914982,-32
17.16490986,-24
17.17066989,-10
17.17642993,1
17.18218997,-3
17.18795,-2
17.19371004,-18
17.19947008,-19
17.20523011,-23
17.21099015,4
17.21675019,17
17.22251022,19
17.22827026,12
17.2340303,2
17.23979033,-12
17.24555037,-13
17.25131041,-18
17.25707045,-29
17.26283048,-39
17.26859052,-35
17.27435056,-31
17.28011059,-33
17.28587063,-32
17.29163067,-17
17.2973907,-19
17.30315074,-20
17.30891078,-32
17.31467081,-38
17.32043085,-34
17.32619089,-21
17.33195092,2
17.33771096,20
17.343471,40
17.34923104,38
17.35499107,54
17.36075111,52
17.36651115,86
17.37227118,106
17.37803122,127
17.38379126,135
17.38955129,139
17.39531133,155
17.40107137,138
17.4068314,128
17.41259144,101
17.41835148,88
17.42411151,87
17.42987155,98
17.43563159,65
17.44139162,47
17.44715166,10
17.4529117,-15
17.45867174,-33
17.46443177,-59
17.47019181,-60
17.47595185,-65
17.48171188,-69
17.48747192,-64
17.49323196,-56
17.49899199,-42
17.50475203,-38
17.51051207,-26
17.5162721,-12
17.52203214,-13
17.52779218,10
17.53355221,15
17.53931225,20
17.54507229,11
17.55083233,19
17.55659236,4
17.5623524,-3
17.56811244,-21
17.57387247,-55
17.57963251,-73
17.58539255,-84
17.59115258,-69
17.59691262,-77
17.60267266,-68
17.60843269,-48
17.61419273,-32
17.61995277,-13
17.6257128,9
17.63147284,32
17.63723288,47
17.64299292,58
17.64875295,61
17.65451299,50
17.66027303,39
17.66603306,27
17.6717931,25
17.67755314,17
17.68331317,13
17.68907321,33
17.69483325,40
17.70059328,30
17.70635332,29
17.71211336,10
17.71787339,-21
17.72363343,-36
17.72939347,-49
17.7351535,-44
17.74091354,-58
17.74667358,-54
17.75243362,-52
17.75819365,-37
17.76395369,-21
17.76971373,4
17.77547376,18
17.7812338,26
17.78699384,45
17.79275387,37
17.79851391,34
17.80427395,36
17.81003398,42
17.81579402,40
17.82155406,23
17.82731409,17
17.83307413,3
17.83883417,-12
17.84459421,-25
17.85035424,-34
17.85611428,-43
17.86187432,-62
17.86763435,-79
17.87339439,-102
17.87915443,-128
17.88491446,-139
17.8906745,-145
17.89643454,-132
17.90219457,-116
17.90795461,-104
17.91371465,-83
17.91947468,-73
17.92523472,-52
17.93099476,-37
17.9367548,-18
17.94251483,-10
17.94827487,4
17.95403491,7
17.95979494,12
17.96555498,3
17.97131502,13
17.97707505,10
17.98283509,11
17.98859513,9
17.99435516,-2
18.0001152,-34
18.00587524,-39
18.01163527,-39
18.01739531,-8
18.02315535,7
18.02891539,26
18.03467542,28
18.04043546,7
18.0461955,11
18.05195553,6
18.05771557,20
18.06347561,28
18.06923564,15
18.07499568,9
18.08075572,-24
18.08651575,-27
18.09227579,-22
18.09803583,-19
18.10379586,7
18.1095559,30
18.11531594,29
18.12107597,16
18.12683601,6
18.13259605,10
18.13835609,15
18.14411612,34
18.14987616,56
18.1556362,69
18.16139623,69
18.16715627,71
18.17291631,72
18.17867634,68
18.18443638,62
18.19019642,59
18.19595645,54
18.20171649,40
18.20747653,36
18.21323656,17
18.2189966,-3
18.22475664,0
18.23051668,3
18.23627671,7
18.24203675,8
18.24779679,17
18.25355682,13
18.25931686,29
18.2650769,30
18.27083693,67
18.27659697,71
18.28235701,73
18.28811704,76
18.29387708,65
18.29963712,67
18.30539715,66
18.31115719,65
18.31691723,55
18.32267727,48
18.3284373,45
18.33419734,26
18.33995738,-10
18.34571741,-38
18.35147745,-41
18.35723749,-43
18.36299752,-40
18.36875756,-45
18.3745176,-63
18.38027763,-77
18.38603767,-76
18.39179771,-61
18.39755774,-45
18.40331778,-20
18.40907782,8
18.41483785,35
18.42059789,49
18.42635793,52
18.43211797,54
18.437878,36
18.44363804,34
18.44939808,34
18.45515811,26
18.46091815,3
18.46667819,-6
18.47243822,-14
18.47819826,-29
18.4839583,-36
18.48971833,-37
18.49547837,-31
18.50123841,-29
18.50699844,-42
18.51275848,-55
18.51851852,-73
18.52427856,-71
18.53003859,-41
18.53579863,-25
18.54155867,-4
18.5473187,6
18.55307874,11
18.55883878,11
18.56459881,17
18.57035885,35
18.57611889,42
18.58187892,32
18.58763896,23
18.593399,6
18.59915903,-11
18.60491907,-8
18.61067911,6
18.61643915,-6
18.62219918,18
18.62795922,21
18.63371926,43
18.63947929,59
18.64523933,82
18.65099937,120
18.6567594,125
18.66251944,136
18.66827948,145
18.67403951,121
18.67979955,88
18.68555959,38
18.69131962,9
18.69707966,-8
18.7028397,-44
18.70859974,-70
18.71435977,-88
18.72011981,-110
18.72587985,-113
18.73163988,-97
18.73739992,-70
18.74315996,-24
18.74891999,-13
18.75468003,-9
18.76044007,-21
18.7662001,-3
18.77196014,8
18.77772018,26
18.78348021,24
18.78924025,19
18.79500029,10
18.80076032,-11
18.80652036,-14
18.8122804,-21
18.81804044,-23
18.82380047,-37
18.82956051,-37
18.83532055,-52
18.84108058,-59
18.84684062,-47
18.85260066,-40
18.85836069,-18
18.86412073,-1
18.86988077,24
18.8756408,49
18.88140084,66
18.88716088,84
18.89292091,96
18.89868095,104
18.90444099,94
18.91020103,97
18.91596106,73
18.9217211,51
18.92748114,19
18.93324117,-23
18.93900121,-37
18.94476125,-39
18.95052128,-24
18.95628132,-18
18.96204136,-19
18.96780139,-30
18.97356143,-20
18.97932147,-28
18.9850815,-14
18.99084154,-6
18.99660158,11
19.00236162,15
19.00812165,20
19.01388169,24
19.01964173,36
19.02540176,44
19.0311618,63
19.03692184,50
19.04268187,32
19.04844191,11
19.05420195,-9
19.05996198,-33
19.06572202,-40
19.07148206,-43
19.07724209,-38
19.08300213,-36
19.08876217,-37
19.0945222,-45
19.10028224,-43
19.10604228,-26
19.11180232,4
19.11756235,11
19.12332239,31
19.12908243,27
19.13484246,36
19.1406025,2
19.14636254,-17
19.15212257,-49
19.15788261,-68
19.16364265,-82
19.16940268,-96
19.17516272,-108
19.18092276,-146
19.18668279,-140
19.19244283,-139
19.19820287,-118
19.20396291,-92
19.20972294,-83
19.21548298,-59
19.22124302,-61
19.22700305,-42
19.23276309,-19
19.23852313,-2
19.24428316,26
19.2500432,52
19.25580324,94
19.26156327,108
19.26732331,110
19.27308335,81
19.27884338,58
19.28460342,36
19.29036346,18
19.2961235,-13
19.30188353,-54
19.30764357,-72
19.31340361,-69
19.31916364,-55
19.32492368,-32
19.33068372,-29
19.33644375,-15
19.34220379,-14
19.34796383,0
19.35372386,10
19.3594839,5
19.36524394,35
19.37100397,62
19.37676401,95
19.38252405,116
19.38828409,110
19.39404412,101
19.39980416,67
19.4055642,54
19.41132423,31
19.41708427,-4
19.42284431,-29
19.42860434,-45
19.43436438,-23
19.44012442,-13
19.44588445,-12
19.45164449,-25
19.45740453,-21
19.46316456,-39
19.4689246,-16
19.47468464,-7
19.48044467,3
19.48620471,16
19.49196475,34
19.49772479,71
19.50348482,92
19.50924486,114
19.5150049,125
19.52076493,125
19.52652497,113
19.53228501,114
19.53804504,73
19.54380508,42
19.54956512,6
19.55532515,-22
19.56108519,-36
19.56684523,-29
19.57260526,-20
19.5783653,-33
19.58412534,-65
19.58988538,-99
19.59564541,-132
19.60140545,-147
19.60716549,-140
19.61292552,-136
19.61868556,-122
19.6244456,-103
19.63020563,-67
19.63596567,-37
19.64172571,-6
19.64748574,19
19.65324578,41
19.65900582,49
19.66476585,60
19.67052589,50
19.67628593,16
19.68204597,-16
19.687806,-54
19.69356604,-65
19.69932608,-78
19.70508611,-77
19.71084615,-62
19.71660619,-75
19.72236622,-83
19.72812626,-86
19.7338863,-100
19.73964633,-98
19.74540637,-80
19.75116641,-57
19.75692644,-43
19.76268648,-25
19.76844652,-36
19.77420655,-11
19.77996659,-12
19.78572663,-8
19.79148667,-12
19.7972467,-36
19.80300674,-41
19.80876678,-37
19.81452681,-53
19.82028685,-69
19.82604689,-82
19.83180692,-84
19.83756696,-79
19.843327,-80
19.84908703,-73
19.85484707,-56
19.86060711,-53
19.86636714,-52
19.87212718,-39
19.87788722,-46
19.88364726,-32
19.88940729,-21
19.89516733,-21
19.90092737,-19
19.9066874,-3
19.91244744,-14
19.91820748,-9
19.92396751,-20
19.92972755,-20
19.93548759,-21
19.94124762,-40
19.94700766,-42
19.9527677,-59
19.95852773,-53
19.96428777,-54
19.97004781,-40
19.97580785,-37
19.98156788,-31
19.98732792,-20
19.99308796,-23
19.99884799,-1
20.00460803,10
20.01036807,45
20.0161281,52
20.02188814,72
20.02764818,75
20.03340821,69
20.03916825,65
20.04492829,55
20.05068832,72
20.05644836,62
20.0622084,52
20.06796843,37
20.07372847,35
20.07948851,18
20.08524855,5
20.09100858,12
20.09676862,14
20.10252866,21
20.10828869,19
20.11404873,14
20.11980877,6
20.1255688,10
20.13132884,35
20.13708888,37
20.14284891,50
20.14860895,56
20.15436899,78
20.16012902,73
20.16588906,68
20.1716491,61
20.17740914,76
20.18316917,69
20.18892921,80
20.19468925,70
20.20044928,69
20.20620932,63
20.21196936,76
20.21772939,72
20.22348943,76
20.22924947,72
20.2350095,77
20.24076954,87
20.24652958,98
20.25228961,108
20.25804965,123
20.26380969,142
20.26956973,166
20.27532976,179
20.2810898,180
20.28684984,174
20.29260987,157
20.29836991,149
20.30412995,131
20.30988998,127
20.31565002,101
20.32141006,47
20.32717009,-2
20.33293013,-36
20.33869017,-40
20.3444502,-38
20.35021024,-23
20.35597028,-23
20.36173032,-26
20.36749035,-33
20.37325039,-44
20.37901043,-42
20.38477046,-39
20.3905305,-14
20.39629054,-4
20.40205057,14
20.40781061,25
20.41357065,31
20.41933068,39
20.42509072,41
20.43085076,50
20.43661079,39
20.44237083,40
20.44813087,26
20.4538909,27
20.45965094,-14
20.46541098,-28
20.47117102,-44
20.47693105,-55
20.48269109,-42
20.48845113,-44
20.49421116,-38
20.4999712,-36
20.50573124,-38
20.51149127,-19
20.51725131,-1
20.52301135,27
20.52877138,53
20.53453142,68
20.54029146,55
20.54605149,46
20.55181153,40
20.55757157,7
20.56333161,-2
20.56909164,-26
20.57485168,-35
20.58061172,-61
20.58637175,-69
20.59213179,-68
20.59789183,-63
20.60365186,-70
20.6094119,-69
20.61517194,-76
20.62093197,-77
20.62669201,-63
20.63245205,-36
20.63821208,-17
20.64397212,-1
20.64973216,14
20.6554922,27
20.66125223,25
20.66701227,32
20.67277231,45
20.67853234,59
20.68429238,74
20.69005242,73
20.69581245,66
20.70157249,33
20.70733253,16
20.71309256,-5
20.7188526,-25
20.72461264,-23
20.73037267,-19
20.73613271,-30
20.74189275,-51
20.74765278,-57
20.75341282,-69
20.75917286,-63
20.7649329,-46
20.77069293,-27
20.77645297,5
20.78221301,23
20.78797304,28
20.79373308,30
20.79949312,13
20.80525315,13
20.81101319,14
20.81677323,16
20.82253326,7
20.8282933,13
20.83405334,7
20.83981337,-2
20.84557341,-2
20.85133345,5
20.85709349,14
20.86285352,12
20.86861356,13
20.8743736,1
20.88013363,-10
20.88589367,-10
20.89165371,2
20.89741374,9
20.90317378,22
20.90893382,30
20.91469385,36
20.92045389,24
20.92621393,31
20.93197396,30
20.937734,25
20.94349404,16
20.94925408,-14
20.95501411,-54
20.96077415,-105
20.96653419,-139
20.97229422,-132
20.97805426,-112
20.9838143,-84
20.98957433,-47
20.99533437,-21
21.00109441,-17
21.00685444,-20
21.01261448,-25
21.01837452,-24
21.02413455,-8
21.02989459,19
21.03565463,21
21.04141467,17
21.0471747,30
21.05293474,12
21.05869478,43
21.06445481,36
21.07021485,45
21.07597489,30
21.08173492,16
21.08749496,-6
21.093255,-12
21.09901503,-6
21.10477507,-15
21.11053511,7
21.11629514,15
21.12205518,10
21.12781522,-1
21.13357525,-14
21.13933529,-38
21.14509533,-57
21.15085537,-66
21.1566154,-81
21.16237544,-82
21.16813548,-90
21.17389551,-100
21.17965555,-121
21.18541559,-126
21.19117562,-116
21.19693566,-100
21.2026957,-104
21.20845573,-99
21.21421577,-117
21.21997581,-134
21.22573584,-140
21.23149588,-107
21.23725592,-71
21.24301596,-28
21.24877599,-19
21.25453603,-11
21.26029607,-21
21.2660561,-29
21.27181614,-24
21.27757618,-42
21.28333621,-48
21.28909625,-62
21.29485629,-54
21.30061632,-63
21.30637636,-36
21.3121364,-17
21.31789643,27
21.32365647,51
21.32941651,83
21.33517655,82
21.34093658,60
21.34669662,40
21.35245666,9
21.35821669,10
21.36397673,14
21.36973677,15
21.3754968,8
21.38125684,-4
21.38701688,-11
21.39277691,10
21.39853695,13
21.40429699,17
21.41005702,43
21.41581706,47
21.4215771,82
21.42733713,106
21.43309717,118
21.43885721,114
21.44461725,113
21.45037728,117
21.45613732,120
21.46189736,105
21.46765739,73
21.47341743,51
21.47917747,13
21.4849375,-8
21.49069754,-32
21.49645758,-45
21.50221761,-42
21.50797765,-34
21.51373769,-12
21.51949772,1
21.52525776,35
21.5310178,70
21.53677784,101
21.54253787,114
21.54829791,113
21.55405795,103
21.55981798,77
21.56557802,61
21.57133806,48
21.57709809,33
21.58285813,19
21.58861817,9
21.5943782,-20
21.60013824,-40
21.60589828,-43
21.61165831,-36
21.61741835,-8
21.62317839,21
21.62893843,44
21.63469846,44
21.6404585,42
21.64621854,37
21.65197857,31
21.65773861,19
21.66349865,13
21.66925868,25
21.67501872,19
21.68077876,2
21.68653879,-5
21.69229883,-9
21.69805887,-2
21.7038189,-21
21.70957894,-31
21.71533898,-37
21.72109902,-70
21.72685905,-73
21.73261909,-89
21.73837913,-93
21.74413916,-80
21.7498992,-64
21.75565924,-31
21.76141927,-13
21.76717931,8
21.77293935,29
21.77869938,30
21.78445942,37
21.79021946,36
21.79597949,34
21.80173953,16
21.80749957,-6
21.8132596,-31
21.81901964,-47
21.82477968,-47
21.83053972,-31
21.83629975,-32
21.84205979,-17
21.84781983,-1
21.85357986,1
21.8593399,-2
21.86509994,-24
21.87085997,-21
21.87662001,-28
21.88238005,-8
21.88814008,5
21.89390012,15
21.89966016,7
21.90542019,2
21.91118023,15
21.91694027,17
21.92270031,18
21.92846034,20
21.93422038,17
21.93998042,4
21.94574045,21
21.95150049,39
21.95726053,70
21.96302056,94
21.9687806,109
21.97454064,126
21.98030067,125
21.98606071,122
21.99182075,125
21.99758078,104
22.00334082,87
22.00910086,62
22.0148609,45
22.02062093,20
22.02638097,6
22.03214101,-12
22.03790104,-29
22.04366108,-37
22.04942112,-42
22.05518115,-46
22.06094119,-74
22.06670123,-92
22.07246126,-92
22.0782213,-64
22.08398134,-4
22.08974137,30
22.09550141,60
22.10126145,70
22.10702148,67
22.11278152,79
22.11854156,68
22.1243016,75
22.13006163,57
22.13582167,31
22.14158171,-18
22.14734174,-53
22.15310178,-82
22.15886182,-70
22.16462185,-66
22.17038189,-28
22.17614193,-13
22.18190196,-8
22.187662,-28
22.19342204,-60
22.19918207,-80
22.20494211,-75
22.21070215,-43
22.21646219,-16
22.22222222,1
22.22798226,-1
22.2337423,-11
22.23950233,-24
22.24526237,-37
22.25102241,-52
22.25678244,-67
22.26254248,-77
22.26830252,-88
22.27406255,-95
22.27982259,-106
22.28558263,-95
22.29134266,-77
22.2971027,-66
22.30286274,-45
22.30862278,-35
22.31438281,-39
22.32014285,-42
22.32590289,-26
22.33166292,6
22.33742296,42
22.343183,61
22.34894303,50
22.35470307,45
22.36046311,14
22.36622314,23
22.37198318,31
22.37774322,49
22.38350325,62
22.38926329,67
22.39502333,78
22.40078337,63
22.4065434,92
22.41230344,97
22.41806348,106
22.42382351,109
22.42958355,93
22.43534359,76
22.44110362,42
22.44686366,20
22.4526237,13
22.45838373,2
22.46414377,8
22.46990381,18
22.47566384,31
22.48142388,17
22.48718392,25
22.49294395,19
22.49870399,49
22.50446403,75
22.51022407,104
22.5159841,110
22.52174414,92
22.52750418,90
22.53326421,70
22.53902425,57
22.54478429,53
22.55054432,45
22.55630436,33
22.5620644,13
22.56782443,-3
22.57358447,-24
22.57934451,-54
22.58510454,-84
22.59086458,-94
22.59662462,-101
22.60238466,-108
22.60814469,-123
22.61390473,-140
22.61966477,-152
22.6254248,-129
22.63118484,-94
22.63694488,-47
22.64270491,-4
22.64846495,30
22.65422499,43
22.65998502,39
22.66574506,32
22.6715051,21
22.67726513,-2
22.68302517,-3
22.68878521,-17
22.69454525,-17
22.70030528,-28
22.70606532,-35
22.71182536,-24
22.71758539,-20
22.72334543,-19
22.72910547,-15
22.7348655,-20
22.74062554,-43
22.74638558,-44
22.75214561,-31
22.75790565,-31
22.76366569,-16
22.76942572,-25
22.77518576,-21
22.7809458,-24
22.78670583,-18
22.79246587,-20
22.79822591,-20
22.80398595,-22
22.80974598,-22
22.81550602,-43
22.82126606,-79
22.82702609,-98
22.83278613,-106
22.83854617,-99
22.8443062,-87
22.85006624,-57
22.85582628,-42
22.86158631,-36
22.86734635,-34
22.87310639,-38
22.87886642,-35
22.88462646,-19
22.8903865,10
22.89614654,13
22.90190657,-2
22.90766661,-6
22.91342665,-35
22.91918668,-50
22.92494672,-62
22.93070676,-68
22.93646679,-63
22.94222683,-68
22.94798687,-59
22.9537469,-43
22.95950694,-19
22.96526698,5
22.97102701,41
22.97678705,54
22.98254709,63
22.98830713,71
22.99406716,76
22.9998272,69
23.00558724,70
23.01134727,66
23.01710731,57
23.02286735,41
23.02862738,22
23.03438742,16
23.04014746,-23
23.04590749,-36
23.05166753,-57
23.05742757,-43
23.0631876,-28
23.06894764,-3
23.07470768,20
23.08046771,31
23.08622775,47
23.09198779,55
23.09774783,55
23.10350786,45
23.1092679,28
23.11502794,10
23.12078797,-34
23.12654801,-47
23.13230805,-43
23.13806808,-30
23.14382812,-24
23.14958816,-19
23.15534819,-22
23.16110823,-39
23.16686827,-49
23.1726283,-58
23.17838834,-46
23.18414838,-26
23.18990842,-1
23.19566845,24
23.20142849,29
23.20718853,31
23.21294856,32
23.2187086,21
23.22446864,23
23.23022867,8
23.23598871,-11
23.24174875,-35
23.24750878,-40
23.25326882,-63
23.25902886,-66
23.26478889,-72
23.27054893,-64
23.27630897,-65
23.28206901,-65
23.28782904,-37
23.29358908,-23
23.29934912,-6
23.30510915,-14
23.31086919,-17
23.31662923,-19
23.32238926,5
23.3281493,35
23.33390934,44
23.33966937,40
23.34542941,30
23.35118945,27
23.35694948,4
23.36270952,-9
23.36846956,-35
23.3742296,-38
23.37998963,-50
23.38574967,-54
23.39150971,-26
23.39726974,-36
23.40302978,-20
23.40878982,-35
23.41454985,-21
23.42030989,-22
23.42606993,-18
23.43182996,-13
23.43759,-12
23.44335004,-8
23.44911007,-19
23.45487011,-30
23.46063015,-55
23.46639018,-63
23.47215022,-55
23.47791026,-42
23.4836703,-25
23.48943033,-3
23.49519037,25
23.50095041,37
23.50671044,57
23.51247048,59
23.51823052,76
23.52399055,79
23.52975059,97
23.53551063,110
23.54127066,91
23.5470307,85
23.55279074,80
23.55855077,84
23.56431081,93
23.57007085,110
23.57583089,117
23.58159092,104
23.58735096,88
23.593111,110
